상품명,판매가,정가,할인율,리뷰수
상반기 결산세일,37910,39905,5,411
우먼즈 코튼 카프리 팬츠 [블랙],37910,39905,5,411
[NEW 컬러 출시] 우먼즈 코튼 커브드 팬츠 (5 colors),39720,49650,20,
우먼즈 와이드 카고 팬츠 [크림],33540,55900,40,
우먼즈 커브드 치노 팬츠 [베이지],40420,49901,19,284
[쿨탠다드] 우먼즈 로 라이즈 플레어 슬랙스 [블랙],33050,45903,28,140
[쿨탠다드] 우먼즈 쿨링 딥 턱 와이드 밴딩 팬츠 [블랙],29850,43897,32,
우먼즈 플루이드 로 웨이스트 와이드 슬랙스 [블랙],29940,49900,40,122
우먼즈 코튼 밴딩 쇼츠 [블랙],17940,29900,40,54
우먼즈 와이드 카고 팬츠 [블랙],33340,55567,40,
우먼즈 폴카 도트 파라슈트 팬츠 [블랙],33540,55900,40,123
[UV 프로텍션] 우먼즈 쿨링 저지 와이드 팬츠 [다크 그레이],37910,39905,5,208
[쿨탠다드] 우먼즈 와이드 데님 팬츠 [라이트 인디고],45840,55902,18,
우먼즈 파라슈트 팬츠 [건메탈],33340,55567,40,
[쿨탠다드] 우먼즈 와이드 데님 팬츠 [딥 인디고],45840,55902,18,749
우먼즈 나일론 밴딩 쇼츠 [블랙],15900,30000,47,
[쿨탠다드] 우먼즈 와이드 히든 밴딩 슬랙스 [그레이],37180,45901,19,575
우먼즈 커브드 데님 팬츠 [라이트 인디고],39920,49900,20,262
[쿨탠다드] 우먼즈 원 턱 와이드 밴딩 슬랙스 [그레이],29640,45600,35,423
우먼즈 세미 부츠 컷 유틸리티 카고 팬츠 [블랙],41930,59900,30,591
[UV 프로텍션] 우먼즈 쿨링 저지 와이드 팬츠 [미디엄 그레이],37910,39905,5,262
[쿨탠다드] 우먼즈 세미 벌룬 히든 밴딩 슬랙스 [그레이],37180,45901,19,910
우먼즈 RN 와이드 밴딩 팬츠 [블랙],32130,45900,30,146
우먼즈 플루이드 로 웨이스트 와이드 슬랙스 [그레이],29940,49900,40,47
우먼즈 RN 와이드 밴딩 팬츠 [화이트],36720,45900,20,95
우먼즈 세미 부츠 컷 히든 밴딩 슬랙스 [블랙],27540,45900,40,
우먼즈 스트레이트 데님 팬츠 [미디엄 인디고],29740,49567,40,
[한소희 PICK] 우먼즈 턴 다운 마이크로 저지 쇼츠 [미디엄 그레이],19940,25896,23,43
우먼즈 린넨 라이크 와이드 데님 팬츠 [로우 블랙],47410,49905,5,305
우먼즈 플루이드 로 웨이스트 와이드 슬랙스 [아이보리],39920,49900,20,25
[한소희 PICK] 우먼즈 마이크로 데님 쇼츠 [블랙],22980,35906,36,92
